https://tsm.tsjiba.or.jp,来場者アンケートで好評いただいた出展企業PR動画を出展分野毎に約1時間にまとめて特設ページに掲載いたしました。 是非ご覧ください。,Keyword:  アンケート 企業 PR 動画
https://tsm.tsjiba.or.jp,来場者アンケートで好評いただいた出展企業PR動画を出展分野毎に約1時間にまとめて特設ページに掲載いたしました。 是非ご覧ください。,Keyword:  アンケート 企業 PR 動画
https://tsm.tsjiba.or.jp/,来場者アンケートで好評いただいた出展企業PR動画を出展分野毎に約1時間にまとめて特設ページに掲載いたしました。 是非ご覧ください。,Keyword:  アンケート 企業 PR 動画
https://tsm.tsjiba.or.jp#sec2,来場者アンケートで好評いただいた出展企業PR動画を出展分野毎に約1時間にまとめて特設ページに掲載いたしました。 是非ご覧ください。,Keyword:  アンケート 企業 PR 動画
https://tsm.tsjiba.or.jp/,来場者アンケートで好評いただいた出展企業PR動画を出展分野毎に約1時間にまとめて特設ページに掲載いたしました。 是非ご覧ください。,Keyword:  アンケート 企業 PR 動画
https://tsm.tsjiba.or.jp#sec2,来場者アンケートで好評いただいた出展企業PR動画を出展分野毎に約1時間にまとめて特設ページに掲載いたしました。 是非ご覧ください。,Keyword:  アンケート 企業 PR 動画
https://r-craft.jp/,株式会社R-CRAFTは新潟県燕市に店を構えて60年余り、「金属屋根などの屋根リフォーム」「サイディングなどの外壁リフォーム」をメインに業務を行っている会社です。工場・倉庫の夏場の暑さ対策や空調費の削減、屋根・外壁の老朽化、雨漏りなどでお悩みの方はぜひ弊社までお問い合わせください。,Keyword:  金属 屋根 屋根 外壁 会社 工場 倉庫 対策 空調 屋根 外壁 老朽化 問い合わせ
https://www.isoqar.co.jp/,ISOQARジャパン株式会社は、ISO審査・認証機関です。当社では、ISO9001・14001・22000・27001、OHSAS18001の審査・認証を行っています。ISO取得ならお気軽にご相談ください。,Keyword:  ISO 審査 認証 ISO 審査 認証 ISO 取得 相談
https://www.hello-aioi.com/jp/,アイオイ・システムは、デジタルピッキングシステムをはじめとする各種システムの提案を通じ、製造・物流作業におけるお客様の悩みを総合的にバックアップします。お客様の工場や物流センターが最もスマートに動くように最適な物流システムの形を省配線ネットワークで実現します。,Keyword:  システム 提案 製造 物流 作業 バックアップ 工場 物流センター 物流システム 形 配線 ネットワーク
http://www.atm-fukaumi.co.jp/,50年以上の金属圧延加工実績を持つメーカーです。AUSシリーズをメインにSUS440Cなどの高強度ステンレス鋼板やクラッド鋼の生産、特殊金属の受託加工を通じ、家庭用品から最先端テクノロジーまで幅広い分野のお客様からご愛顧いただいております。,Keyword:  金属 圧延 加工 メーカー SUS C 強度 ステンレス 鋼板 クラッド鋼 生産 金属 加工 家庭用品 テクノロジー
http://www.abc-tool.co.jp/,金属加工のメッカである燕三条で創業して75年。私たちは受け継がれてきた技術、新鮮な情報、そして斬新な発想を組み合わせ、金属に社会的付加価値を与え続けるバリュークリエイションカンパニーを目指します。,Keyword:  金属 加工 燕 技術 情報 発想 金属 付加価値
http://www.asano-ft.com/,アサノフォームテックのは、優れた製品の素材から高精度な加工技術で、用途に応じた製品を製造・販売しております。,Keyword:  製品 素材 精度 加工 技術 製品 製造 販売
http://www.as-arimoto.co.jp/, Technology 一般的な素材の成形可能限界や成形技術限界を超える”ものつくり”を実現 詳しくは「技術情報」ページにて公開しております。  自社製品のご案内 シンプルなデザインと機能を兼ね揃えた換気フード &n,Keyword:  素材 成形 限界 成形 技術 限界 も 技術 情報 公開 製品 機能 換気 フード
https://www.andor.co.jp/,2次元・3次元CADの開発販売。2次元図面作成から3次元モデル作成や3次元プリンタでの造形まで製造業をトータルにサポート。ソフトウエア/ハードウエアの設計開発及び、受託請負事業も展開する、アンドール株式会社のオフィシャルサイトです。,Keyword:  2次元 3次元 CAD 開発 販売 2次元 図面 作成 3次元 モデル作成 3次元 プリンタ 製造業 ソフトウエア ハードウエア 設計 開発 事業 展開
http://www.kanenori.com/,本職仕様の園芸鋏・刈込鋏・鉈を機能的に極める…五十嵐刃物工業株式会社　TEL:0256-32-5998 ,Keyword:  仕様 刈込 機能 刃物 工業
https://ips-tool.co.jp/,金属加工技術では国内でも名高い新潟県三条市において、 昭和15年に創業した国内唯一のプライヤー専門メーカーです。 MADE IN JAPAN にこだわり、高品質、高付加価値を追求し、生産技術向上に努めてまいります。,Keyword:  金属 加工 技術 メーカー I N 付加価値 生産技術
https://www.igus.co.jp/,革新的なポリマーで、寿命を延ばしコストを下げる。無給油で稼動するポリマーベアリング、可動部で長く使えるケーブルや、樹脂製ケーブル保護管はイグスへお問い合わせください。,Keyword:  ポリマー 寿命 コスト 給油 ポリマー ベアリング ケーブル ケーブル 保護 問い合わせ
https://ishiyama-mokkousho.co.jp/,オーダー家具、店舗什器、教育・福祉施設家具、幼児運動遊具など、各種木製品加工、OEM生産を承っております。新潟県加茂市株式会社石山木工所 TEL.0256-52-0300,Keyword:  オーダー 家具 店舗 教育 福祉施設 家具 幼児 運動 遊具 木製品 加工 生産
https://www.imaigikou.co.jp/,燕市で金型の磨き仕上げやメンテナンスを行う今井技巧では研磨・鏡面仕上げに加え、レーザー溶接での肉盛り修正も出来るので、ワンストップでお預かりから納品まで今井技巧で行います。金型の磨き上げやメンテナンスは今井技巧にお任せ下さい。,Keyword:  金型 仕上げ メンテナンス 研磨 鏡面仕上げ レーザー溶接 肉盛り 修正 ストップ 納品 金型 メンテナンス
https://uchiyamasangyo.jp/,お客様の求めるデザイン設計、加工技術や素材選び、コスト管理までトータルにお応えできる提案型企業,Keyword:  設計 加工 技術 素材 コスト管理 提案 企業
https://www.baritoriki.jp/,「メタルエステ」を始めとした、各種バリ取り機をラインナップ。板金屋として「より均等に、よりきれいに」という理想を追求し、自社工場で一貫生産を行っています。販売台数はシリーズ累計1200台を超え、全国の板金加工現場で活躍しています。,Keyword:  メタル バリ取り 板金 より 工場 生産 販売 累計 板金加工 現場
http://www.nd-inada.jp/,金属塗装はもちろんプラスチックの精密塗装もお任せください。当社では自動塗装機との連動により、量産化が可能です。また、クリーンルーム付きの塗装設備により、クリーンコーティングでゴミが出ない・付かない、膜圧が薄く均等な高品質美粧塗装も可能です。,Keyword:  金属 塗装 プラスチック 塗装 塗装 連動 量産 クリーンルーム 塗装設備 コーティング ゴミ 膜 圧 品質 塗装
https://www.ebisu-level.co.jp/,水平器のニーズにお応えするエビスの製品はDIYや建築や土木など幅広い分野で水平・垂直・勾配測定をサポートします,Keyword:  水平 ニーズ 製品 DI Y 建築 土木 水平 垂直 勾配 測定
http://www.fsec-nagaoka.jp/,FSエンジニアリングは新潟県長岡市の樹脂加工、プラスチック加工の設計・製作・組立の総合トータル企業です。,Keyword:  F S エンジニアリング 樹脂加工 プラスチック 加工 設計 製作 組立 企業
https://ok-ss.jp/,YAGレーザー溶接、ステンレス溶接、板金溶接、溶接技術に高い品質を求めるなら大倉製作所,Keyword:  YAGレーザー 溶接 ステンレス 溶接 板金 溶接 溶接技術 品質
https://www.okayasanso.co.jp/business,岡谷酸素の法人・個人事業主のお客様向けページです。ガスをベースとした総合テクニカル商社として、人へ、社会へ、未来を支えるエネルギーを届けます。,Keyword:  個人 事業 ガス ベース 人 未来 エネルギー
https://kpk.co.jp/,信頼と実績の創業45年。ステンレス製品の部品加工、オリジナルマグカップ、ノベルティグッズ、販促品、景品なら笠原プレス工業にお任せ下さい。,Keyword:  信頼 ステンレス 製品 部品 加工 販促
http://www.katariki.co.jp/,食事に関する介護用品のことならシリコンスプーンの片力商事／プリグレースﾌﾘｰﾀﾞｲﾔﾙ０１２０−２００−８４５,Keyword:  食事 介護 シリコン 力
http://www.k-kadokura.com/pc/,NC旋盤・マシニング加工・ステンレス削り出しを得意としております燕のカドクラです。,Keyword:  NC旋盤 マシニング 加工 ステンレス 削り 出し 燕
https://kikkawakakou.com/,新潟県新潟市にある鋳造部品製造・鋳造用模型製作の吉川化工は高品質な小物の普通鋳鉄・ダクタイル鋳鉄の製造いたします。多品種・小ロット品でも量産並みの安価な製品です。型の移管や製作が安いです。,Keyword:  鋳造 部品 製造 鋳造 模型製作 品質 普通鋳鉄 ダクタイル鋳鉄 製造 品種 ロット 量産 製品 型 製作
https://www.kimuragrp.co.jp/,KIMURAグループ(木村鋳造所、東静工業)は静岡県駿東郡清水町にある鋳造会社です。3Dプリンタ、RP、砂型積層、砂形積層、DMP、ディーゼルエンジン、自動車用のプレス金型、工作機械、産業機械などの鋳物の製造・試作・加工・模型製作をしています。工場は静岡県御前崎市、群馬県太田市、群馬県伊勢崎市にあります。,Keyword:  グループ 鋳造所 工業 鋳造 会社 3D プリンタ RP 砂型 砂 ディーゼルエンジン 自動車 プレス金型 工作機械 産業機械 鋳物 製造 試作 加工 模型製作 工場
https://miidel.com/,変更点が見出でる！差分比較ならミーデル,Keyword:  変更 比較
http://www.kyoudo-engineering.com/,線材・パイプ材・金網・バネ加工機のことなら協同エンジニアリング株式会社。線材、パイプ、金網、バネ向けの曲げ加工機械、溶接機、特殊専用加工装置等、最良の加工方法と加工機械をご提案させて頂きます。,Keyword:  線材 パイプ 金網 バネ 加工 協同 エンジニアリング 線材 パイプ 金網 バネ 曲げ加工 機械 溶接機 加工 装置 加工 加工 機械 提案
https://www.gravotech.co.jp/,彫刻機、刻印機、レーザーマーカーとCAD/CAMソフトの幅広いラインアップで、お客様の彫刻やマーキングのニーズにベストなソリューションを提供します。,Keyword:  彫刻機 刻印 レーザー マーカー CAD CAM ソフト ライン 彫刻 マーキング ニーズ ソリューション
http://www.kurodaseiki.co.jp/,精密プレス部品を製造して40余年。約20年間に亘り試作専業として短納期対応を実現しています。試作板金の得意な弊社を「御社の試作工場」、「年間350日稼働のコンビニエンスパートナー」として何なりとご用命ください。,Keyword:  プレス 部品 製造 試作 納期 対応 試作 板金 試作 工場
http://www.kenoh-trading.co.jp/,地元、新潟県三条市の土地柄、「作業工具」「園芸用品」などの商品開発が得意分野です。輸入から商品開発まで、ぜひ県央貿易(株)にお問い合わせください。,Keyword:  土地 作業工具 園芸用品 商品開発 輸入 商品開発 貿易 株 問い合わせ
https://cosmo-m.co.jp/,コスモ機械株式会社は、工具、工作機械、鍛圧機械、産業機械を扱う総合商社として、良質な品揃えと、お客様の健全経営にお役に立つ事に専心して参ります。,Keyword:  機械 工具 工作機械 機械 産業機械 経営 役
http://www.goto-kk.com/,後藤金属工業株式会社はスピニング加工・プレス加工・溶接・ロール加工・金型設計・製造までワンストップ！新潟県燕市の総合金属加工メーカー【後藤金属工業株式会社】,Keyword:  金属 工業 スピニング加工 プレス加工 溶接 ロール 加工 金型 設計 製造 ストップ 合金属 加工 メーカー 金属 工業
https://www.goto-tec.co.jp/,シャフト加工・スクリュー加工を中心に鉄・ステンレスをはじめ難削材（チタン・耐熱鋼）などの金属部品加工に対応。農業機械部品、産業機械部品、自動車部品、油圧機械部品、ロボット部品、ドローン部品などの部品製造も行っております。切削加工だけでなく、表面処理、熱処理など一貫生産でお応えいたします。,Keyword:  シャフト 加工 スクリュー 加工 中心 鉄 ステンレス 難削材 チタン 耐熱鋼 金属 部品 加工 対応 農業機械部品 産業 機械部品 自動車 部品 油圧 機械部品 ロボット 部品 ドローン 部品 部品 製造 切削加工 表面処理 熱処理 生産
http://gotou-yousetsu.co.jp/,燕三条でパイプ作りを主とするゴトウ熔接では丸・角パイプ・長尺・規格外まで様々なパイプを製造します。,Keyword:  燕 パイプ 熔接 丸 角 パイプ 長 規格 パイプ 製造
https://kobayashi-tools.com/,株式会社小林工具製作所は、強みである熱間鍛造技術を核にメイドインジャパンの最高品質な製品をお届けします。 また、ワンストップ生産（開発・試作から製造・出荷まで自社一貫生産）体制により、お客様の納期短縮とコストダウンに貢献します。,Keyword:  工具 熱間鍛造 技術 核 品質 製品 ストップ 生産 開発 試作 製造 出荷 生産 納期 短縮 コストダウン
https://www.tweezerskobayashi.jp/,ABOUT OUR COMPANY 愛用される確かな技術 昭和20年11月に小林庄作が鋸鍛冶で創業。昭和47年8月2日2代目小林直樹が継承し、平成27年株式会社小林製作所設立。 初代庄作の毛抜きで始まった製品は今日まで精度の高い製品として世に送り出しており、ピンセットに関しては、特に使いやすく精度の高いまつ毛エクステ用や、ネイル、ホビー、盆栽、理化学等々の製品を国内、海外に向けて製造し愛用されています。,Keyword:  技術 月 鋸 月 継承 設立 製品 精度 製品 精度 製品 製造
https://www.kobayashi-weld.com/,金属加工の試作や小ロットの溶接(レーザー・TIG・YAG)・精密溶接など、他の会社に断られた難しい加工を得意としています。低歪み・高品質の薄板溶接・精密溶接・精密板金・切削加工を金属加工のトータルコーディネーターとしてまるごと対応いたします。,Keyword:  金属 加工 試作 ロット 溶接 レーザー YAG 溶接 会社 加工 品質 薄板 溶接 溶接 板金 切削加工 金属 加工 対応
http://www.kobayashi-tekkoh.co.jp/,大物旋盤加工、機械加工、精密切削加工なら小林鉄工におまかせ下さい。旋盤加工、フライス加工、マシニング加工であらゆる金属加工のご要望にお応えします。,Keyword:  旋盤 加工 機械加工 切削加工 旋盤 加工 フライス加工 マシニング 加工 金属 加工
http://kobayashi-iron-works.server-shared.com/,"機械部品加工,機械加工の小林鉄工所です。建設機械,半導体,自動車など金属加工専用機の部品、各種機械の改造,修理,保守請負などを「お客様第一、誠実」をモットーとして、ものづくりを大事に日々努力する会社です。",Keyword:  機械部品 加工 機械加工 鉄工所 建設機械 半導体 自動車 金属 加工 部品 機械 改造 修理 保守 会社
http://konyo.co.jp/,,Keyword: 
https://www.sa-marukakou.com/,埼玉県戸田市で水素炉による光輝・磁気焼鈍など特殊熱処理の事業を行うサーマル化工株式会社です。私たちは超絶水素焼鈍日本一を目指します！純水素ガスによる焼鈍処理、磁気焼鈍・水素焼鈍・光輝焼鈍・特殊熱処理などの、品質・納期・価格帯・技術面のお悩みは対応力が自慢の弊社にお問い合わせください。,Keyword:  水素 磁気 焼鈍 熱処理 事業 水素 焼鈍 水素 ガス 焼鈍処理 磁気 焼鈍 水素 焼鈍 焼鈍 熱処理 品質 納期 価格 技術 対応 問い合わせ
http://www.saito-mold.co.jp/,プラスチック成型品、射出成型、樹脂成型の品質、金型製作技術、高い技術を求めるなら齋藤金型製作所,Keyword:  プラスチック 成型 射出成型 成型 品質 金型 製作 技術 技術 金型
http://sakaikougyo.co.jp/,ステンレス、鉄等の金属プレス加工、プレスブレーキによる折り曲げ加工を行っています。加工内容は抜き、絞り、曲げ、バーリング等のほか順送ラインも80～200tonの４ライン揃えているので少量から量産まで幅広く対応可能です。またスポット、カシメ機での組立、梱包、検品も当社で行います。協力企業様との連携により溶接、切削加工の対応も可能です。,Keyword:  ステンレス 鉄 金属 プレス加工 プレスブレーキ 折り曲げ 加工 加工 リング 順 送 ライン ライン 量産 対応 スポット カシメ 組立 梱包 協力 企業 連携 溶接 切削加工 対応
http://www.ske-denki.com/,新潟県弥彦村の銅加工 - 新潟県の銅加工、真鍮、アルミの厚物（40mm）加工、ロー付け、大型ロータリースイッチ、大型ナイフスイッチの製造は栄電機へ。,Keyword:  銅 加工 新潟県 銅 加工 真鍮 アルミ 厚 加工 大型 ロータリー スイッチ 大型 ナイフ スイッチ 製造
http://www.sano-sp.co.jp/,佐野鉄工スプリング製作所では、線バネ、板バネ等、各種スプリングの他、熱間バネやスクリューコンベアなどの鉄工製品をご提供します。「ハイッ！何とかしましょう！」を合言葉にお客様の「困った・・・」を解消いたします。,Keyword:  スプリング 線 バネ 板バネ スプリング 熱 バネ スクリューコンベア 製品 合言葉 解消
http://mdusanki.jp/,「どんなモノでもどんな色でも」 塗料調合・塗装のマイスター。耐候・密着・耐久・セラミックの高機能塗料や漆・発色・金色・メッキ色の意匠性塗料など、塗料調合販売から試作塗装受託まで塗料塗装はご相談を。,Keyword:  色 塗料 調合 塗装 密着 セラミック 機能 塗料 漆 発色 メッキ 意匠 塗料 塗料 調合 販売 試作 塗装 塗料 塗装 相談
https://www.sankosha-net.co.jp/,三光社は制御部品、半導体・電子部品・電子機器などの販売を主に、エレクトロニクス専門商社として歩んできました。世界を代表するトップメーカーの優れた製品や最新の技術情報をお客様に提供しています。,Keyword:  制御 部品 半導体 電子部品 電子機器 販売 エレクトロニクス 世界 メーカー 製品 技術 情報
https://sanjo-prn.co.jp/,まるごと、しっかり。三条印刷は総合印刷業として企画段階から制作、印刷加工の製造、配送まで、すべての工程をワンストップ・トータル・サービスで「まるごと」「しっかり」お引き受けいたします。,Keyword:  印刷 印刷 企画 段階 印刷 加工 製造 配送 工程 ストップ サービス
https://www.sanjokikai.co.jp/,株式会社三條機械製作所のホームページです。ラベル印刷機・シール印刷機のメーカーで、工作機械、ブローチ加工、コンロッド、ダイカスト金型、鍛造、産業機械、フレキシブルダイ等様々取り扱っております。お気軽にお問い合わせ下さい。,Keyword:  ホームページ 印刷機 シール印刷 メーカー 工作機械 ブローチ加工 コンロッド ダイカスト 金型 鍛造 産業機械 ダイ 問い合わせ
http://www.sanshin21.co.jp/,ロストワックス精密金型設計製作はサンシンにお任せ下さい。,Keyword:  ワックス 金型 設計 製作
http://www.yukiwa-japan.co.jp/,"スニーズガード、ホテル レストラン、ビュッフェ、バイキング等のサービスウェア、厨房用品等の製造販売の老舗
",Keyword:  ホテル レストラン サービス 厨房 製造 販売
http://www.sanwashoko.co.jp/,三和商工株式会社　洗浄/溶接/研磨/カス上がり防止　金型補修 全方位対応 プラスチック、ダイカスト、プレス、ガラス等の各種金型溶接機、超音波研磨装置の販売。,Keyword:  洗浄 溶接 研磨 防止 金型 補修 方位 対応 プラスチック ダイカスト プレス ガラス 金型 溶接機 超音波 研磨 装置 販売
https://www.ccube.co.jp/,"CAD/CAM/CAE・BIM/CIMシステムのことならお任せください。CAD/CAMシステムの導入, 技術サポート, 人材紹介・派遣, 3Dプリンタの販売, 3Dプリントサービス・データ作成など「ものづくり」を総合的にサポート！お客様の「ものづくり」のあらゆる課題を解決します。",Keyword:  CAD CAM CAE B IM CIM システム CAD CAM システム 技術 人材 3D プリンタ 販売 3D サービス データ 作成 課題
https://www.jfe-seimitsu.co.jp/,JFEグループは、常に世界最高の技術をもって社会に貢献します。お客さま満足度の向上に向け、徹底して挑戦します。,Keyword:  グループ 世界 技術 度
https://www.jcscs.co.jp/,JCSコンピュータ・サービスは、長年にわたる経験と実績により培われた確かな信頼で地域経済社会に貢献するIT企業です。お客様に最適なシステムソリューションをご提案し、販売、運用、保守にとトータルサポートを提供しております。,Keyword:  コンピュータ サービス 経験 信頼 地域経済 IT 企業 システム ソリューション 提案 販売 運用 保守
http://www.shimato.co.jp/,"シマトの一貫した生産システムで多品種少量・短納期高品質のあらゆるニーズに即応致します。当社の最大の特長は試作・金型,プレス・精密板金・機械加工・溶接・表面処理・プラスチック成形・組立・発送までの全工程を一貫して生産できるシステムを確立している点にあります。当社の引き合い窓口をどうどご利用ください。",Keyword:  生産システム 品種 納期 品質 ニーズ 試作 金型 プレス 板金 機械加工 溶接 表面処理 プラスチック成形 組立 発送 工程 生産 システム 窓口 利用
http://www.simizu-kk.com/,プレス金型の設計・製作、およびプレス加工による量産。射出成形によるプラスチック加工。自動車業界用のISO規格、ISO/TS16949:2002を取得。,Keyword:  プレス金型 設計 製作 プレス加工 量産 射出成形 プラスチック 加工 自動車 ISO規格 ISO TS 取得
https://www.shiraisangyo.co.jp/,のこぎり ノコギリ 鋸のことなら、大きいもの、複雑なもの、どんな製品でも白井産業へご相談ください。,Keyword:  のこぎり ノコギリ 鋸 製品 産業 相談
https://www.y-shinken.co.jp/,Just another WordPress site,Keyword: 
http://www.suzutami.com/,鈴民精密工業所では、アパレル（衣料品）製造刃物をはじめとし、あらゆる製品開発を具体化するための設備を揃え、精密加工品を一貫生産で製造しています。,Keyword:  鈴 工業 アパレル 衣料品 製造 刃物 製品開発 設備 精密加工 生産 製造
https://www.zen.co.jp/,試作・小ロット生産総合メーカー ゼンはあらゆる試作品製作に短納期でお応えします。樹脂(プラスチック)切削・金属切削・３Dプリンタなど様々な加工で1個から試作品を製作します。真空注型・射出成形で小ロット・中ロット生産、塗装やモックアップ・治工具製作・治具製作までモノづくりのあらゆる場面でサポートいたします。,Keyword:  試作 ロット生産 メーカー 試作 製作 納期 プラスチック 切削 金属切削 プリンタ 加工 試作 製作 真空 注型 射出成形 ロット ロット生産 塗装 モックアップ 治工具 製作 治具 製作
https://www.dip.co.jp/,新潟市本社の第一印刷所のホームページ。パンフ、カタログ、帳票、特殊加工等の幅広い印刷に最新技術で対応しています。WEBや動画制作、デジタルマーケティング、イベントの企画運営、販促プロモーションまで総合サポートしています。,Keyword:  新潟市 ホームページ 帳票 特殊加工 印刷 技術 対応 動画 デジタル マーケティング イベント 企画 運営 販促 プロモーション
https://ichi-com.co.jp/,新潟県三条市の印刷会社です。第一コンピュータ印刷株式会社は印刷業を中心に、デザイン制作、動画制作、ホームページ制作、イラスト制作、企画までワンストップで行う地域に密着した販促広告の専門企業です。,Keyword:  印刷 会社 コンピュータ 印刷 印刷 中心 動画 ホームページ 企画 ストップ 地域 密着 販促 広告 企業
http://www.ginzado.ne.jp/~dsp/,デザインから刷版、印刷、打ち抜き、加工までを一貫生産しています。,Keyword:  刷版 印刷 加工 生産
https://elfin-takakuwa.co.jp/,食卓を彩る作り手たちの集い。 食器を通じて楽しい気持ちや明るい気分になってもらいたい。 そんな想いから2021年に新しく誕生した展示会です。 新型コロナウイルスの影響が拡大する中で、 この状況を乗り越える施策のひとつとして、 この度、新しくオンライン上で合同展示会を開催する運びとなりましたので,Keyword:  食器 気持ち 気分 展示会 ウイルス 拡大 施策 度 展示会
https://www.big-advance.site/s/131/1382,弊社は創業以来、ステンレス素材を中心とした業務用厨房用品、厨房設備用機械部品、家庭用雑貨器物等、各種金属加工製品の製造販売に努めてまいりました。お客様の仕様に従った製品（OEM 製品）と 自社ブランドの製品で、常にお客様にご満足いただけるよう、日々の努力を積み重ね、今日まで歩んでまいりました。市場はもので溢れ、多様な情報、技術の進歩が速いスピードで 『変化する時代』に直面しております。変化を敏感に察知しつつも、ものづくりの基本を大切に、お客様より信頼をいただき、支持される商品をご提供し続ける会社でありたいと、鋭意努力してまいります。,Keyword:  ステンレス 素材 中心 厨房 厨房設備 機械部品 家庭 雑貨 金属 加工 製品 製造 販売 仕様 製品 製品 ブランド 製品 市場 情報 技術 スピード 変化 変化 信頼 支持 商品 会社
http://www.kk-takeda.co.jp/,お客様第一主義へ徹し、積極的な技術開発･効率的な生産･きめ細かいサービス等の事業活動を展開し、高度で多様化する時代により良い製品をお客様に提供し社会に貢献して行く所存です。,Keyword:  主義 技術開発 効率 生産 サービス 事業 活動 展開 多様化 製品
https://www.tanaka-scale.co.jp/,,Keyword: 
https://worldniigata.co.jp/,株式会社W&Nは工場の生産性を向上させる機械・設備のご提案を行っております。世界中と取引があり、様々な面からのご提案をさせていただきます。機械の販売だけでなく、修理・メンテナンスにも力を入れており、お客様の機械に不具合が起きた時にはいかに機械を止めないかを考え迅速に対応いたします。,Keyword:  W N 工場 生産性 機械 設備 提案 取引 面 提案 機械 販売 修理 メンテナンス 力 機械 不具合 機械 迅速 対応
http://www.tama-eng.co.jp/index.php,金属の加熱・溶解・熱処理用の高周波誘導加熱電源の開発、製造をしています。実験や試験も可能です。真空、ガス雰囲気、活性金属も対応可能です。工業炉、高周波炉、電気炉等の炉体整備や炉体修理も対応いたします。,Keyword:  金属 加熱 溶解 熱処理 高周波誘導加熱 開発 製造 実験 試験 真空 ガス 雰囲気 活性 金属 対応 工業 高周波 電気炉 炉体 整備 炉体 修理 対応
http://www.tamayakin.co.jp/,熱処理で世界の機械工業を支える,Keyword:  熱処理 世界 機械工業
https://tawashitec.com/,タワシテックは制御設計のエキスパートです。PLCは、三菱電機、オムロンに精通しています。TPは、三菱電機、Profaceに精通しています。産業用ロボットは、三菱電機、安川電機などに精通しています。メーカーを限定することでよりスピーディーにお客様の仕様、コストを満足し、短時間での設計、試運転、立ち上げを実現します。,Keyword:  制御 設計 エキスパート PLC TP 産業用ロボット メーカー 仕様 コスト 短時間 設計 試運転
https://www.smrj.go.jp/regional_hq/kanto/,「関東本部」を掲載しています。中小機構は、中小企業政策の実施機関として、成長ステージや経営課題に応じた支援メニューで中小企業の成長をサポートします。,Keyword:  機構 中小企業 政策 成長 ステージ 経営 課題 支援 メニュー 中小企業 成長
http://www.tsubamekanagata.jp/,製造業のまち、燕市をベースとした金型製造業の企業集団。長年の経験と技術をもって機械、建築等の精密部品から大型の製品加工のための金型設計、製作を致します。,Keyword:  製造業 ベース 金型 製造業 企業 集団 経験 技術 機械 建築 部品 大型 製品 加工 金型 設計 製作
http://www.city.tsubame.niigata.jp/industrial/016001043.html,,Keyword: 
http://www.tsubamex.co.jp/,,Keyword: 
http://www.tsubofuji.com/,テレビ台からシェルフまで、家具通販ならツボフジまで！テレビ台、本棚、キッチン収納家具など、おしゃれでお手頃な家具通販のお店です。通販で家具をお探しの方は是非ご利用下さい！,Keyword:  テレビ 家具 テレビ 本棚 キッチン 収納 家具 家具 家具 利用
http://tohj.com/,新型コロナウイルスの流行に伴い、Web会議システムをつかったご相談や打ち合わせを開始いたしました。 お問い合わせフォームよりZOOM / Skype / Microsoft Teamsでの 「相談」または「打ち合わせ」をご希望とご連絡ください。 お気軽にご連絡をお待ちしております。,Keyword:  ウイルス 流行 Web会議 システム 相談 開始 問い合わせ フォーム 相談
https://tm-tm.net/,デザイン性の向上、防錆力向上、光反射防止といった特徴を持つ、黒染め処理で貴社の製品に新しい価値を提供します。,Keyword:  錆 力 光反射 防止 特徴 黒 処理 製品 価値
http://www.t-sol.co.jp/,株式会社テクノソリューションズは、solidworks（ソリッドワークス）の一次代理店として、販売、サポートを行っています。また、機械系CAD/CAM/CAE/PDM製品群を取り揃え、国内の製造業のお客様に、導入／活用をご支援する、コンサルティングからトレーニングおよび技術支援サービスまでを提供しています。,Keyword:  販売 機械 CAD CAM CAE 製品 製造業 活用 支援 トレーニング 技術 支援 サービス
https://www5.dipro.co.jp/,"PLM,PDM,モノづくり,製品開発,開発プロセス,プロセス革新,設計,Teamcenter,BOM,部品表,分散開発,CAD,CAE,CAM,DMU,DMDR",Keyword:  製品開発 開発 設計 部品 分散 開発 CAD CAE CAM
http://www.to-hatsu.co.jp/,業界最軽量を実現するシャトルガード、機外/機内自由設計のスパルコン、費用対効果を実感できる機外用モジュール型コンベア、革新的な単一金型 ウイングベンド... ばね技術から生まれたTSHの独自製品開発,Keyword:  ガード 設計 費用 効果 モジュール コンベア 金型 ばね 技術 TS H 製品開発
https://www.toshogiken.co.jp/,回転バレル・振動バレル・遠心バレル研磨による超精密研磨、光沢加工、バリ取り、面取り、Ｒ付け、スケール除去、光沢加工、面粗度向上、や自社オリジナル研磨。試作・小ロット～量産まであらゆる研磨に対応します。 ,Keyword:  回転 バレル 振動 バレル バレル研磨 精密研磨 光沢 加工 バリ取り 面取り スケール除去 光沢 加工 面 粗度 研磨 試作 ロット 量産 研磨 対応
http://www.toyo.vc/,(株)東陽はインナーカム・ヘリコイド・インターナルギアなどの光学製品、PCDインサートチップ・インサートホルダー、チタン製インプラント、ToYoTooLなどの製品を開発しております。,Keyword:  株 光学 製品 P CD チタン プラント 製品 開発
http://www.toyo-kenmazai-kogyo.jp/,東洋研磨材工業株式会社は東京都港区を拠点に鏡面ショットマシンSMAPの開発や研削・研磨機の総合商社として自らを磨き、社会に貢献いたします。,Keyword:  研磨材 工業 ショット マシン 開発 研削 研磨機
http://www.tokuni.co.jp/,切る・曲げる・形にする！金属の板加工のことなら何でもご相談ください。新潟県燕市のトクニ工業です。,Keyword:  形 金属 板 加工 相談 工業
https://www.tsubame-blade.com/,金属加工のまち「新潟県燕市」で作る、強度と軽さを兼ね備えた日本製フィギュアスケートブレードです。,Keyword:  金属 加工 強度 フィギュア ブレード
https://www.tokuyoshi-polish.com/,ものづくり，3Dプリントには欠かせない「バリ取り・表面研磨」でお困りではありませんか？徳吉工業はドラッグフィニッシュ・バレル研磨加工を用いて解決のご提案をいたします。仕様やご要望をお聴きし、最適な加工条件で対応いたします。,Keyword:  3D バリ取り 表面 研磨 工業 バレル 研磨加工 提案 仕様 加工条件 対応
http://www.tomita-kogyosho.co.jp/,新潟県燕市の精密板金業（溶接加工・研磨加工）、研磨仕上げ加工、バフ研磨加工、ステンレス、鉄、アルミ、チタンに関することは株式会社トミタへ！,Keyword:  板金 溶接 加工 研磨加工 研磨 仕上げ 加工 バフ研磨 加工 ステンレス 鉄 アルミ チタン
http://nakamuraseiko.co.jp/,いつかはシャトルの工具箱。老舗！日本一のオーダー工具箱屋さんの中村精工株式会社。,Keyword:  工具 オーダー 工具
http://www.n-turntec.co.jp/,"チタン アルミ 樹脂のNC旋盤加工,精密切削加工 中村ターンテック",Keyword:  チタン アルミ NC旋盤 加工 切削加工
https://chizai-portal.inpit.go.jp/madoguchi/niigata/,中小企業・個人事業・創業予定の個人の方まで、ご相談に対して知財のスペシャリストがワンストップサービスで対応させていただきます。知的財産に関すること、なんでもご相談ください。TOPのページです。,Keyword:  中小企業 個人 事業 予定 個人 相談 スペシャリスト ストップ サービス 対応 財産 相談
http://hirondelle.co.jp/,ステンレス製鋳造ホーロー鍋、リロンデル（L'hirondelle）の公式サイト。世界が認めた「メイドイン･燕」の技術で作られました。無水調理鍋としては勿論お鍋ひとつで煮る・焼く・蒸す・炊く調理が可能な万能鍋です。お手入れ簡単＆美しいデザインも自慢です。素材の旨味をひきだす無水料理・時短料理のレシピも紹介。,Keyword:  ステンレス 鋳造 世界 燕 技術 調理 調理 素材 旨味 料理 料理
https://www.niigata-u.ac.jp/,新潟大学 公式Webサイト。大学案内や学部・大学院、学生生活、入試情報、ニュースをご覧いただけます。,Keyword:  Web 大学 大学院 学生 生活 情報 ニュース
https://www.nomizu-d.jp/,"金型,メッセージライト，一輪挿し，キーホルダースタンドJimdoのページ",Keyword:  金型 ライト スタンド
http://haga-ken.co.jp/,研磨、鏡面研磨、ビードカット、サテン仕上げ、ヘアライン仕上げ、熔接、TIG熔接、ビードカット,Keyword:  研磨 研磨 ライン 熔接 熔接
http://hasetec.net/,世界に誇る金属加工製品の産地、新潟県燕市で金型・治工具の製作から金属製品加工（切削・パイプ加工・溶接）、品質管理に至るまで、全ての工程を自社内で一貫して行っています。,Keyword:  世界 金属 加工 製品 金型 治工具 製作 金属製品 加工 切削 パイプ 加工 溶接 品質管理 工程
https://working-penguins.com/,ペンギンさんがマンガで様々なお仕事を楽しく！わかりやすく！紹介するサービスです。,Keyword:  仕事 サービス
http://www.hiroichikagaku.co.jp/,サンドブラスト処理、短納期ステンレス電解研磨、酸洗、アルミ電解研磨、チタン電解研磨、バフ研磨、カラー発色処理、金属表面処理全般の広一化学工業。,Keyword:  ブラスト 処理 納期 ステンレス 電解研磨 酸洗 アルミ 電解研磨 チタン 電解研磨 バフ研磨 カラー 発色 処理 金属 表面処理 化学工業
https://www.helmutfischer.jp/,Helmut Fischerは60年以上にわたり、膜厚測定、素材分析、微小硬さ試験、材料試験の分野において革新的な測定技術を開発してきました。,Keyword:  膜厚 測定 素材 分析 微小硬さ 試験 材料試験 測定 技術 開発
https://www.e-fujii.co.jp/,フジイが取り扱っている除雪機や草刈機、高所作業機などの製品紹介から、ダイレスプレス、鋼材事業の技術情報などご紹介いたします。,Keyword:  除雪機 草刈機 高所作業 製品 鋼材 事業 技術 情報
http://fu-ji-ta.co.jp/,加茂市・燕三条エリアで創業５９年の実績。金型・治工具製作、機械加工、機械組立、試作から精密板金、レーザ加工、NCT加工、プレス加工、ヘラ絞り、溶接、バフ、メッキ、塗装、シルク印刷、組立まで一貫した生産システムでお客様のご要望にお答えします！『お客様の満足』と、『信頼を獲得し続けるため』に継続的に改善の活動を行っています,Keyword:  燕 金型 治工具 製作 機械加工 機械 組立 試作 板金 レーザ加工 N CT 加工 プレス加工 ヘラ絞り 溶接 メッキ 塗装 シルク 印刷 組立 生産システム 信頼 獲得 改善 活動
https://funayamariken.com/,船山理研工業所のウェブサイトをこの度リニューアルいたしました。 今後は実績の紹介や新しい技術の紹介してまいります。 研磨のご相談お待ちしております。,Keyword:  工業 ウェブ 度 リニューアル 今後 技術 研磨 相談
https://localplace.jp/t100307934/,金型製作から試作まで短納期に対応致します　　　　　　　　　　　　　　　　　　　　　　　　　　　（金型設計→金型製作→成形試作→金型及び成形試作品の納品）社内350t 韓国工場2500t まで対応可能,Keyword:  金型 製作 試作 納期 対応 金型 設計 金型 製作 成形 試作 金型 成形 試作 納品 工場 対応
https://www.pretech-n.co.jp/,マシニング加工・NC基板加工・NCフライス加工・円筒研削加工・内面研削加工・平面研削加工による金属加工。 株式会社プレテック・エヌ　〒942-0231 〒940-2045 長岡市西陵町221-28 TEL 0258-47-1188 FAX 0258-47-1190　マシニング加工・NC基板加工・NCフライス加工・円筒研削加工・内面研削加工・平面研削加工による金属加工のことなら株式会社プレテック・エヌへご連絡ください。,Keyword:  マシニング 加工 NC 基板 加工 NC フライス加工 円筒 研削加工 内面 研削加工 平面 研削加工 金属 加工 FAX マシニング 加工 NC 基板 加工 NC フライス加工 円筒 研削加工 内面 研削加工 平面 研削加工 金属 加工
https://www.fluorocoat-niigata.jp/,フロロコート新潟は、フッ素樹脂コーティング（テフロン加工）のパイオニアです。表面処理で太陽電池、液晶、食品、その他の加工ニーズにお応えし、日本海側（新潟県）の発展に貢献します。,Keyword:  新潟 フッ素樹脂 コーティング 加工 表面処理 太陽電池 液晶 食品 加工 ニーズ 発展
http://www.hokuriku-k.co.jp/,新潟県三条市を拠点とする鍛造製品製造の総合メーカー。大型ハンマー１０ｔ、８ｔ稼働。顧客が真に求める品質・コスト情報を収集し、鍛造化によるメリットを顧客に提案。CAD・CAMを駆使した金型設計と最新鋭NC加工機で、高精度な金型を短納期で製作。,Keyword:  鍛造製品 製造 メーカー 大型 顧客 品質 コスト 情報 収集 鍛造 顧客 提案 CAD CAM 金型 設計 NC 加工 精度 金型 納期 製作
https://www.honmasangyou.co.jp/,工業製品向け脱脂洗浄の洗浄受託業者・本間産業。RoHS規格、ISO14001対応の環境に優しい炭化水素系洗浄導入。大量ロット、短納期のお仕事もおまかせ！■■委託洗浄のご相談は無料！ＴＥＬ：0256-63-9684■■,Keyword:  工業製品 脱脂 洗浄 洗浄 産業 規格 ISO 対応 環境 炭化水素 洗浄 ロット 納期 仕事 洗浄 相談
https://www.maruta-kogyo.co.jp/,ロール加工、板金加工、製缶板金、曲げ加工、レーザー加工、溶接なら丸田工業にお任せ下さい！各種金属（鉄、ステンレス、アルミ等）をレーザー加工による切断から折り曲げ、ロール加工、溶接によりお客様のご要望を形にします。最新のテーパーロール機も導入いたしました。,Keyword:  ロール 加工 板金加工 製缶 板金 曲げ加工 レーザー加工 溶接 工業 金属 鉄 ステンレス アルミ レーザー加工 切断 ロール 加工 溶接 形
https://www.keiba-tool.com/,人を作り、商品を造り、富を創る。パイオニア精神で、常に新しさを求めて89年、マルト長谷川工作所 || マルト長谷川工作所,Keyword:  人 商品
http://marutomi-ikarashi.co.jp/,鍛造業界で地域一番の鍛造の匠目指して、日々お客様の満足のいく鍛造品を作り続けています。熱間型打鍛造～機械加工まで一貫した体制を整えています。,Keyword:  鍛造 地域 鍛造 鍛造品 熱 型 鍛造 機械加工
http://www.mannichi.com/,昭和45年設立の機械部品製造メーカー。NC旋盤・マシニングセンター・研削盤等の設備を取り揃え、材料から完成品までの一貫加工を強みに、工作機械部品からJR車両まで幅広い分野の機械部品の製造に取り組んでいます。,Keyword:  設立 機械部品 製造メーカー NC旋盤 マシニングセンター 研削盤 設備 材料 加工 工作機械部品 機械部品 製造
https://www.mitsuyanet.co.jp/,"めっきの年間加工の実績116,087件！（1分間1件以上/2018年実績）全国対応、最短即日見積もり。高い技術で、試作・開発の段階からお客様と一緒に取り組みます。金めっき、金錫合金めっき、硬質金めっき、パラジウムめっき、ロジウムめっきなどはお任せください。",Keyword:  めっき 加工 対応 見積もり 技術 試作 開発 段階 金めっき 金 錫合金 めっき 硬質 金めっき パラジウムめっき ロジウム めっき
http://yashirokoki.com/,矢代工機株式会社は工作機械、鍛圧機械、そして工具類全般を扱う専門商社です。新潟県央地域の製造業の発展に寄与します。,Keyword:  工作機械 機械 工具 地域 製造業 発展
http://yanagida-ss.co.jp/,国内トップクラスの最新設備によるスピード切断!短納期でのレーザー加工、クリーンカットによる金属切断、精密部品製造、金属板金加工の事なら新潟県燕市の柳田製作所まで！,Keyword:  設備 スピード 切断 納期 レーザー加工 金属切断 部品 製造 金属 板金加工
https://www.yamakata.co.jp/,真空成型・圧空成型のプロフェッショナル山﨑抜型。食品トレー、ブリスターパック、プラスチックトレーなどの立体品の成型は当社の得意分野で「成形シートの抜刃型」の特許技術も取得しています。真空成形・圧空成形、ブリスターパックの事はお気軽にご相談ください！問合せは無料です！,Keyword:  真空 成型 圧 成型 プロフェッショナル 山 食品 トレー ブリスター プラスチック トレー 立体 成型 成形 シート 特許 技術 取得 真空成形 圧 成形 ブリスター 相談 問合せ
https://www.yamahafinetech.co.jp/fa_products/robots/,ヤマハファインテックの仕上げロボットシステムは、ヤマハの匠の技術を吹き込んだ、仕上げ加工専用のロボットシステムです。,Keyword:  仕上げ ロボット システム 技術 仕上げ 加工 ロボット システム
http://yamaneji.com/,誇れるのは品質の高さ。,Keyword:  品質
https://www.yuki-chemical.com/,洗浄と衛生管理のことなら私たち有希化学にお任せください。,Keyword:  洗浄 衛生 管理 化学
https://www.universal-robots.com/ja/,会社規模に関わらず自動化を実現。協働ロボットはオートメーション業界の未来です。,Keyword:  会社 規模 自動化 協働 ロボット オートメーション 未来
https://www.yoshii-kg.co.jp/,株式会社吉井金型製作所(新潟県燕市)では従来の冷間絞りの加工の限界を遥かに超える温間絞り型による深絞りのノウハウがございます。プレス金型、曲げ型、トランスファー型、打ち抜き型といった各種プレス金型の設計製作はお気軽にご相談ください。■ お問い合わせTEL 0256-62-5690 ■,Keyword:  金型 絞り 加工 限界 絞り型 深絞り ノウハウ プレス金型 曲げ ファー 打ち抜き プレス金型 設計 製作 相談 問い合わせ
http://www.yoshikawa-group.co.jp/manu/,株式会社ヨシカワ実現屋事業部は様々なステンレス製品を製造してきた幅広い実績と、培ってきたステンレス加工のノウハウを元に、ステンレス製品の設計・製造・出荷までを一貫して行える会社です。当社のステンレスを中心とした設計・加工実績及び設計・加工技術をぜひご覧ください。,Keyword:  事業 ステンレス 製品 製造 ステンレス 加工 ノウハウ ステンレス 製品 設計 製造 出荷 会社 ステンレス 中心 設計 加工 設計 加工 技術
https://yoshidayasuri.storeinfo.jp/,"江戸時代から続く新潟県燕市の金属加工技術を現在まで受け継ぎ、
シンプルで使いやすく高品質な爪ヤスリを製造しています",Keyword:  金属 加工 技術 品質 爪 ヤスリ 製造
https://www.rikensen.co.jp/,理研電線株式会社のホームページです。エレベータ用ケーブル、各種電源コード、VCTなどのワイヤーやケーブルや、銅線やはんだメッキ線なども含めた製品紹介の他、会社概要やアクセス情報などの企業情報、採用情報などを掲載しています。,Keyword:  ホームページ エレベータ ケーブル コード V CT ワイヤー ケーブル 銅 はんだ メッキ 製品 会社 情報 企業 情報 採用 情報
http://www.ryodensya.co.jp/,産業設備及びビル設備の分野で、省エネ化・自動化・遠隔監視・快適環境・ビル管理などを目的として、電機・計測制御・情報通信に関連する機器、並びにシステムを販売しているISO9001認証取得の技術商社です。,Keyword:  産業 設備 ビル 設備 省エネ 自動化 遠隔監視 環境 ビル管理 計測制御 情報 通信 機器 システム 販売 ISO 認証 取得 技術
https://www.rolanddg.co.jp/,ローランド ディー.ジー.は、コンピューター周辺機器メーカーとして培ってきたテクノロジーを駆使した「大型カラープリンター」「3D」「カッティング・マシン」等のデジタル機器をお客様のニーズに合わせたトータル・ソリューションでご提供しています。,Keyword:  コンピューター周辺機器 メーカー テクノロジー 大型 カラープリンター 3D カッティング マシン デジタル 機器 ニーズ ソリューション
https://www.kwakui.co.jp/,ワクイは金属加工業が世界的に有名な新潟県燕市で、主にステンレス板金製品を作っている企業です。,Keyword:  金属加工業 世界 ステンレス 板金 製品 企業
http://www.oneroad.jp/,ものづくりの情熱と先端技術への飽くなき好奇心で精密金型の可能性に挑戦し続けます。各種金型の設計・製作のご依頼・ご相談は、お気軽にご連絡下さい。,Keyword:  先端技術 金型 可能性 金型 設計 製作 相談
